<?xml version="1.0" encoding="UTF-8"?>
<project-private xmlns="http://www.netbeans.org/ns/project-private/1">
    <editor-bookmarks xmlns="http://www.netbeans.org/ns/editor-bookmarks/2" lastBookmarkId="0"/>
    <open-files xmlns="http://www.netbeans.org/ns/projectui-open-files/2">
        <group>
            <file>file:/C:/Users/ADMIN/Documents/NetBeansProjects/Nghiepnd_TG0418_ASM2/src/nghiepnd_tg0418_asm2/MonHocService.java</file>
            <file>file:/C:/Users/ADMIN/Documents/NetBeansProjects/Nghiepnd_TG0418_ASM2/src/nghiepnd_tg0418_asm2/MonHocOnline.java</file>
            <file>file:/C:/Users/ADMIN/Documents/NetBeansProjects/Nghiepnd_TG0418_ASM2/src/nghiepnd_tg0418_asm2/Main.java</file>
            <file>file:/C:/Users/ADMIN/Documents/NetBeansProjects/Nghiepnd_TG0418_ASM2/src/nghiepnd_tg0418_asm2/MonHoc.java</file>
        </group>
    </open-files>
</project-private>
